new york,0,0,0,0,0,0,0,0,0,0,0,0,0,0,0,0,0,0,0,0,0,0,0,0,0,0,0,0,0,0,0,0,0,0,0,0,0,0,0,0,0,0,0,0,0,0,0,0,0,0,0,0,0,0,0,0,0,0,0,0,0,0,0,0,0,0,0,0,0,0,0,0,0,0,0,0,0,0,0,0,0,0,0,0,0,0,0,0,0,0,0,0,0,0,0,0,0,0,0,0,0,0,0,0,0,0,0,0,0,0,0,0,0,0,0,0,0,0,0,0,0,0,0,0,0,0,0,0,0,0.0001834862385321101,0,0,0.00046728971962616824,0,0,0,0.0001631587534671235,0.0003758299578235269,0.0002256317689530686,0.000308641975308642,0.0002957704821058858,0.00023640661938534278,0,0,0,0,0,0.000152857821569478,0.00014261694589563445,0,0,0,0,0,0,0.0002653927813163482,0,0,0,0,0,0,9.785693316371464e-05,0.00017882689556509296,0,4.2647560559535984e-05,0,4.887585532746824e-05,0,0,5.767012687427914e-05,0,6.747638326585695e-05,6.568144499178982e-05,0.00042231076713835334,0.00011142021234535956,9.762540557613347e-05,3.331667499583542e-05,0.00011261940673705379,0,0,3.800547278808148e-05,4.828585224529213e-05,0.00010607570994044423,7.560483870967742e-05,0,0,0,0,0,0,2.853067047075607e-05,3.0149541726965758e-05,7.895169691320797e-05,0,0,0,0,0,0
new york city,0,0,0,0,0,0,0,0,0,0,0,0,0,0,0,0,0,0,0,0,0,0,0,0,0,0,0,0,0,0,0,0,0,0,0,0,0,0,0,0,0,0,0,0,0,0,0,0,0,0,0,0,0,0,0,0,0,0,0,0,0,0,0,0,0,0,0,0,0,0,0,0,0,0,0,0,0,0,0,0,0,0,0,0,0,0,0,0,0,0,0,0,0,0,0,0,0,0,0,0,0,0,0,0,0,0,0,0,0,0,0,0,0,0,0,0,0,0,0,0,0,0,0,0,0,0,0,0,0,0,0.00021321961620469082,0,0,0,0,0.00011132138483802737,0,0.00017863522686673814,0,0,0,0.00017730496453900708,0,0,0,0,0,0,0,5.0505050505050485e-05,0,6.105006105006108e-05,0,0,0,3.062224399804019e-05,0,2.6896904166330465e-05,0,0,0,0,6.727664155005382e-05,8.253549026081215e-05,0.00015181417944436012,0.00014697005485132407,0,0.00015128240934692548,4.955892556249379e-05,3.21089134343694e-05,0.00012855260479715473,7.688759034291866e-05,0.00013555523423944472,0.00025701601570152265,0.0008506253058319132,0.00017433739048541402,0.00020892574121192823,2.0165355918531963e-05,0.00012472539855906998,0.00014440964693915792,0.00017977775939559382,7.870482008413043e-05,4.170141784820684e-05,9.596431165058616e-05,0,0.00023880157881094448,0.00016073407408119463,9.362280067971364e-05,0.00014274061990212072,2.0275750202757502e-05,0.00010479175425855853,8.458612238926077e-05,0,6.118445116882253e-05,9.01058525063424e-05,8.782305833081144e-05,6.108316845843962e-05,4.426206832956799e-05,4.2216777119540685e-05,0
nigeria,0,0,0,0,0,0,0,0,0,0,0,0,0,0,0,0,0,0,0,0,0,0,0,0,0,0,0,0,0,0,0,0,0,0,0,0,0,0,0,0,0,0,0,0,0,0,0,0,0,0,0,0,0,0,0,0,0,0,0,0,0,0,0,0,0,0,0,0,0,0,0,0,0,0,0,0,0,0,0,0,0,0,0,0,0,0,0,0,0,0,0,0,0,0,0,0,0,0,0,0,0,0,0,0,0,0,0,0,0,0,0,0,0,0,0,0,0,0,0,0,0,0,0,0,0,0,0,0,0,0,0,0,0,0,0.0002391200382592061,0.0001808972503617945,0,0,0.0003008423586040914,0,0,0,0,0,0,0,0,0,0,0,5.114827886041633e-05,0.00014736221632773356,2.8368794326241152e-05,2.9316915860451485e-05,8.950948800572863e-05,0,2.962962962962964e-05,0,3.4492273730684333e-05,0,0.0003234080517452883,0,5.9801459155603416e-05,0.00016605354588187206,0,0,6.332320162107397e-05,0,0.0001444530046224962,0,8.87232721142756e-05,0,0.00027913634948047904,6.568144499178983e-05,8.439836026042922e-05,4.205214465937763e-05,0,7.163085124104613e-05,7.486631016042782e-05,4.959825414145422e-05,8.882533905281858e-05,0,0.00015985543508479288,0,5.241935483870969e-05,8.639442822395208e-05,0.00019828375666342308,0,3.546350805021632e-05,2.8074115665356547e-05,8.690540091506278e-05,2.0978434169673576e-05,8.632289841825982e-05,8.563899868247692e-05,0.00017073412590087417,2.0812520812520816e-05,0.00018590917383881595,0.00018632334864462704,6.0833698883852414e-05,0
north america,0,0,0,0,0,0,0,0,0,0,0,0,0,0,0,0,0,0,0,0,0,0,0,0,0,0,0,0,0,0,0,0,0,0,0,0,0,0,0,0,0,0,0,0,0,0,0,0,0,0,0,0,0,0,0,0,0,0,0,0,0,0,0,0,0,0,0,0,0,0,0,0,0,0,0,0,0,0,0,0,0,0,0,0,0,0,0,0,0,0,0,0,0,0,0,0,0,0,0,0,0,0,0,0,0,0,0,0,0,0,0,0,0,0,0,0,0,0,0,0,0,0,0,0,0,0,0,0,0,0,0,0,0,0,0,0,0,0.00017863522686673814,0,0,0,0,0,0,0,0,0,5.680527152919792e-05,0,0,4.296455424274975e-05,0.0001349527665317139,0,3.25743509560572e-05,5.5500055500055514e-05,0,0,5.586280096084017e-05,3.941974140649638e-05,7.883948281299275e-05,0.0002764767109029404,9.614406818833145e-05,0,0,2.3102157741533055e-05,6.82360968952576e-05,0,0.0001632298406491955,0,0,2.5631167499679602e-05,5.728879280452763e-05,0.0004137628581518464,0,2.2104332449160042e-05,0.00020742852314871183,0,0.00022839305547216296,2.904865649963689e-05,5.269814502529511e-05,2.843494085532303e-05,0,3.163555836760519e-05,0.00011547829008146469,0,0.00013070404645863592,3.610368979709725e-05,0,0,0,0,0,2.679959264619178e-05,0,5.103082261686058e-05,1.5750015750015756e-05,0,2.039318052043397e-05,0,0.0001095290251916758
norway,0,0,0,0,0,0,0,0,0,0,0,0,0,0,0,0,0,0,0,0,0,0,0,0,0,0,0,0,0,0,0,0,0,0,0,0,0,0,0,0,0,0,0,0,0,0,0,0,0,0,0,0,0,0,0,0,0,0,0,0,0,0,0,0,0,0,0,0,0,0,0,0,0,0,0,0,0,0,0,0,0,0,0,0,0,0,0,0,0,0,0,0,0,0,0,0,0,0,0,0,0,0,0,0,0,0,0,0,0,0,0,0,0,0,0,0,0,0,0,0,0,0,0,0,0,0,0,0,0,0,0,0,0,0.00020161290322580645,0,0,0,0,0,0,0.0002587991718426501,0,0,0,0,0,3.6968576709796674e-05,4.544421722335833e-05,0,0,0,0,0,3.257435095605721e-05,4.244121891180715e-05,5.686988171064605e-05,0.00014153846153846153,6.051803437424352e-05,6.367804381049414e-05,0,0,0.0001375137513751375,0,0.00025035765379113016,8.85582713425434e-05,0,0.0001700427232342126,0.00012218963831867058,0,0.00010917030567685588,0.00030276816608996543,9.785693316371466e-05,0,5.473453749315818e-05,8.037939072421832e-05,9.34492103541725e-05,4.81370944449793e-05,4.7892720306513405e-05,0,4.4377385284459026e-05,0,0,0.00019799262918528975,0,0,3.9452400678581284e-05,0.00010590415673815197,0,0,5.614823133071309e-05,6.051803437424352e-05,0,0,0.00017475693705201902,0,0,2.3578232575686124e-05,1.9637877538195676e-05,0,0
netherlands,0,0,0,0,0,0,0,0,0,0,0,0,0,0,0,0,0,0,0,0,0,0,0,0,0,0,0,0,0,0,0,0,0,0,0,0,0,0,0,0,0,0,0,0,0,0,0,0,0,0,0,0,0,0,0,0,0,0,0,0,0,0,0,0,0,0,0,0,0,0,0,0,0,0,0,0,0,0,0,0,0,0,0,0,0,0,0,0,0,0,0,0,0,0,0,0,0,0,0,0,0,0,0,0,0,0,0,0,0,0,0,0,0,0,0,0,0,0,0,0,0,0,0,0,0,0,0,0,0,0,0,0.00035310734463276836,0.0001869158878504673,0,0,0.00011132138483802739,0,0,0.0004512635379061372,0,0,0,0,0,0,0,5.77634011090573e-05,3.587701359738816e-05,0,5.772005772005773e-05,5.114827886041635e-05,0.00022104332449160034,3.0395136778115506e-05,4.1881308372073524e-05,0,7.237984944991314e-05,4.705882352941177e-05,0,0,0,0.00028209495422610177,0.00022002200220022004,0,7.664009809932558e-05,5.5931539795290576e-05,0.00017769816899806663,0,6.982265046781176e-05,0.00011816402643920092,0,0.00014474071058642604,0.00036595182054362837,0.00034269780786808654,0.0001791115720335321,0.00011222199551112018,0.00010813408626697103,0.00013513222499784652,0.0002439326145893915,3.7348272642390295e-05,0.00023080131678743793,3.49968502834745e-05,8.7631666579035e-05,0.00017783904700538128,4.008337341670676e-05,0.00017914171369518128,4.142502071251036e-05,0.0002551191331106378,0.00014430014430014433,0.0001321355078192234,5.454617581720091e-05,7.123175337829621e-05,9.481919253673887e-05,0,0.00012168399139926316,0.00010480523784753088,0.0001673477744031904,0.0001445966060933523,0.00020642307378590505,9.534136965047919e-05,5.371638795285536e-05
poland,0,0,0,0,0,0,0,0,0,0,0,0,0,0,0,0,0,0,0,0,0,0,0,0,0,0,0,0,0,0,0,0,0,0,0,0,0,0,0,0,0,0,0,0,0,0,0,0,0,0,0,0,0,0,0,0,0,0,0,0,0,0,0,0,0,0,0,0,0,0,0,0,0,0,0,0,0,0,0,0,0,0,0,0,0,0,0,0,0,0,0,0,0,0,0,0,0,0,0,0,0,0,0,0,0,0,0,0,0,0,0,0,0,0,0,0,0,0,0,0,0,0,0,0,0,0,0,0,0,0,0,0,0,0,0,0,0,0,0,0,0,0,0,0,0,0,0,8.651879817523989e-05,0.00015762925598991173,0,0.0006529274520681611,8.841732979664014e-05,0.00020060790273556233,0.00026004485107387486,0.00016579940822365063,0.00015792328690417864,0.0008668464868464868,0.00023621984406298137,0.0002687709641352026,0.000940254689072097,0.001012546674827981,0.0005696998271255696,0.000744967268110433,0.0005799447543956508,0.00039170004632278803,0.00016402907907513844,0.0002916189041703077,0.0005131720674242668,0.000678499014740291,0.00041462661549997794,9.611687812379856e-05,0.0003196111598568383,0.00010146824551256683,0,8.841732979664013e-05,0.00012902362565945407,0,0,0,0.00011242270938729621,7.582650894752806e-05,5.8275058275058275e-05,0.00019367991845056068,0.0002020870076425632,0,0.00019590315522711942,0,7.24952878062926e-05,2.3304591004427867e-05,0.0001478102189781022,0.0001694504962478819,0.00020749578524186226,9.312858444551643e-05,8.694596235579842e-05,0.00013224002792243386,0.0001609040291904742,3.703201574676629e-05,0,0.00015209401084529024,2.8823427682019945e-05
russia,0,0,0,0,0,0,0,0,0,0,0,0,0,0,0,0,0,0,0,0,0,0,0,0,0,0,0,0,0,0,0,0,0,0,0,0,0,0,0,0,0,0,0,0,0,0,0,0,0,0,0,0,0,0,0,0,0,0,0,0,0,0,0,0,0,0,0,0,0,0,0,0,0,0,0,0,0,0,0,0,0,0,0,0,0,0,0,0,0,0,0,0,0,0,0,0,0,0,0,0,0,0,0,0,0,0,0,0,0,0,0,0,0,0,0,0,0,0,0,0,0,0,0,0,0,0,0,0,0,0,0,0,0,0.00013440860215053766,0,0.0003859141341051616,0,0,0,0,0.0004337967070886325,0,0,0,0,0,6.601531555320834e-05,4.544421722335833e-05,8.406893652795292e-05,0.000536541889483066,0.00028195488721804513,0,0,0,0,7.961783439490445e-05,0,0,0,0.0002567914583051764,0,0,9.785693316371466e-05,0,0.00012988546463573033,7.311010381634741e-05,8.443093549476526e-05,0,0,6.06501698204755e-05,7.20876585928489e-05,9.785693316371464e-05,0,0,0,0,0,4.5075501464953795e-05,0.0003283535636476813,0,0.0006245090115802621,8.74125874125874e-05,0.0007555459497091892,0.00015589569160997732,0.00018721198156682032,0.00031942150201578893,0.0003500610143309027,0.00013854095830135674,0,0.00014364589182107432,6.415821689299501e-05,0.00010086600671479413,0,0,6.385675129596457e-05,0.00011274956927130841,0.00012185981617423565,5.353209886613916e-05,6.877551268099086e-05,9.127418765972984e-05
scotland,0,0,0,0,0,0,0,0,0,0,0,0,0,0,0,0,0,0,0,0,0,0,0,0,0,0,0,0,0,0,0,0,0,0,0,0,0,0,0,0,0,0,0,0,0,0,0,0,0,0,0,0,0,0,0,0,0,0,0,0,0,0,0,0,0,0,0,0,0,0,0,0,0,0,0,0,0,0,0,0,0,0,0,0,0,0,0,0,0,0,0,0,0,0,0,0,0,0,0,0,0,0,0,0,0,0,0,0,0,0,0,0,0,0,0,0,0,0,0,0,0,0,0,0,0,0,0,0,0,0,0,0,0,0,0,0,0,0,0,0,0,0,0,0,0,0.00018900018900018897,0,7.574036203893054e-05,9.007386056566384e-05,0.0001673881673881674,0.00023397654976602347,6.31552355690287e-05,0,0.0002617581773254597,0,0.0001364877161055505,0.0001611111111111111,9.209266100428362e-05,0,0,0.0002537080405932865,0.00042083573436708753,0.0002870470039468963,6.706008583690987e-05,0,0,0,0,0,0,0,0,0,0,0.00012021654489894052,0,5.845218611176059e-05,9.578544061302682e-05,0,0,0.00015165301789505612,0.00011655011655011658,4.368719965050239e-05,0,9.563688999172871e-05,0,0,0,3.13715648136529e-05,6.0827250608272516e-05,7.089255455268528e-05,0.00017567311433217282,0.00031143587616360444,5.0441361916771746e-05,3.4020548411240386e-05,7.549805120655323e-05,0,3.3138918345705206e-05,0,0
south africa,0,0,0,0,0,0,0,0,0,0,0,0,0,0,0,0,0,0,0,0,0,0,0,0,0,0,0,0,0,0,0,0,0,0,0,0,0,0,0,0,0,0,0,0,0,0,0,0,0,0,0,0,0,0,0,0,0,0,0,0,0,0,0,0,0,0,0,0,0,0,0,0,0,0,0,0,0,0,0,0,0,0,0,0,0,0,0,0,0,0,0,0,0,0,0,0,0,0,0,0,0,0,0,0,0,0,0,0,0,0,0,0,0,0,0,0,0,0,0,0,0,0,0,0,0,0,0,0,0,0,0,0,0,0,0,0.0002067397146991937,0.0001631587534671235,0,0,0,0.0002587991718426501,0,0,0,0,0,0,0.0001375434259810068,0,5.77200577200577e-05,6.318316800404372e-05,5.5260831122900086e-05,0.0001355729749906682,0,0,0.00011146496815286623,0.00013353383458646618,5.110411791602785e-05,0,3.153579312519709e-05,0.00014329932362719248,4.78308700435261e-05,3.7118147062098684e-05,0,0,0.00013916572393111746,4.221546774738263e-05,4.6548433645207825e-05,0.0001920030168617739,0,0.0001245150466603754,0.00019734481521349123,0.00030408188302925144,0.0002885292047853625,0.00020303562282572777,0.00037106439004996953,0.0008911391455614246,0.00028704547004607497,0.0001221446638683301,0.0002562964921479375,0.00023576339466961041,0.000456615215709643,0.00026469536092591536,0.00020168317168276571,0.00013209606168107944,0.00014035950241418345,0.0006707467229517796,0.00011944845278178614,0.00016916271101898305,0.0002272902423181513,0.0001646821254664392,0.00012225416461600794,0.00013840883085001793,8.294301327088214e-05,9.37995120481342e-05,9.615838528305371e-05,7.622529314503286e-05,0.00018436501500564877,2.1323780279768e-05,0
spain,0,0,0,0,0,0,0,0,0,0,0,0,0,0,0,0,0,0,0,0,0,0,0,0,0,0,0,0,0,0,0,0,0,0,0,0,0,0,0,0,0,0,0,0,0,0,0,0,0,0,0,0,0,0,0,0,0,0,0,0,0,0,0,0,0,0,0,0,0,0,0,0,0,0,0,0,0,0,0,0,0,0,0,0,0,0,0,0,0,0,0,0,0,0,0,0,0,0,0,0,0,0,0,0,0,0,0,0,0,0,0,0,0,0,0,0,0,0,0,0,0,0,0,0,0,0,0,0,0,0,0,0,0,0,0,0,9.78952520802741e-05,0,0,0,0,0,0.00038819875776397513,0,0,0,9.399492510219359e-05,0.00010112586799703366,0.00015762925598991173,0.00024242424242424245,0,4.653543673507377e-05,0.00010992907801418438,0,0,0,0.00024003513394817738,0,9.19793966151582e-05,0.00018583592377348292,0.000195160031225605,0,9.785693316371464e-05,0.00026738878670209146,0.00024812830338866474,0,0,0.00013964530093562354,6.725854183481303e-05,0,0.0001874279123414072,0.0003235686093597827,0.0005485409413427989,0.00013947230076007792,0.0003794535999587321,0.00026424334026630444,0.0001296772573368318,8.959622752726202e-05,8.53517877739331e-05,4.2158516020236095e-05,4.332943368430174e-05,0.00014022435897435896,0.00021079657884838675,4.641232711408151e-05,8.89164598842018e-05,3.18654005480849e-05,0.00020241461361961269,0.0001734867104813711,0.00017381340790802456,0.0001342201306185171,0.00032011158372814144,0.0002634647351753167,0.00034706109640135344,8.006675818999167e-05,0.00040364180943921687,0.00017390714977441975,0.0001264770346387083,2.120890774125133e-05,9.628651248818318e-05,0
sweden,0,0,0,0,0,0,0,0,0,0,0,0,0,0,0,0,0,0,0,0,0,0,0,0,0,0,0,0,0,0,0,0,0,0,0,0,0,0,0,0,0,0,0,0,0,0,0,0,0,0,0,0,0,0,0,0,0,0,0,0,0,0,0,0,0,0,0,0,0,0,0,0,0,0,0,0,0,0,0,0,0,0,0,0,0,0,0,0,0,0,0,0,0,0,0,0,0,0,0,0,0,0,0,0,0,0,0,0,0,0,0,0,0,0,0,0,0,0,0,0,0,0,0,0,0,0,0,0,0,0,0,0,0,0.0006720430107526881,0,0,0,0,0,0,0.0002587991718426501,0,0,0,0,0,3.6968576709796674e-05,3.246015515954166e-05,0,0.00017398869073510226,8.950948800572859e-05,0,0,0,4.856254856254857e-05,0.00015923566878980894,0,0.00011140819964349378,4.869497467861317e-05,0.00011478101174244531,0,0.000198630974208532,0,7.664009809932558e-05,0.00010626992561105207,0.00012997351789572874,0,5.7501006267609686e-05,0.00010462439840970913,9.924573243350534e-05,6.407791874919902e-05,6.331919204710948e-05,0.00014111647461849888,0.00014005602240896358,0.00021300538541917853,0,0.00017535655833528173,5.108556832694764e-05,3.921568627450979e-05,0,0,7.946598855689764e-05,0,0.00014448732913574568,4.4802867383512545e-05,0,5.673436968115284e-05,0,0,3.3178500331785e-05,0,2.9719448407037573e-05,3.445661911653228e-05,4.371584699453553e-05,0,2.0812520812520816e-05,0,0,2.2250901161497043e-05,0
switzerland,0,0,0,0,0,0,0,0,0,0,0,0,0,0,0,0,0,0,0,0,0,0,0,0,0,0,0,0,0,0,0,0,0,0,0,0,0,0,0,0,0,0,0,0,0,0,0,0,0,0,0,0,0,0,0,0,0,0,0,0,0,0,0,0,0,0,0,0,0,0,0,0,0,0,0,0,0,0,0,0,0,0,0,0,0,0,0,0,0,0,0,0,0,0,0,0,0,0,0,0,0,0,0,0,0,0,0,0,0,0,0,0,0,0,0,0,0,0,0,0,0,0,0,0,0,0,0,0,0,0,0,0.00014124293785310735,0,0,0,0,0,0.00013397642015005362,0,0,0,0,0,0,0,0,0,0,0,0,0.00015344483658124908,6.315523556902868e-05,5.699088145896655e-05,0.00011168348899219611,0.00017325510746563378,0,5.333333333333335e-05,7.549027156870293e-05,0,0,0,0,0,0.00012030172974378984,0,0.00016256246613281954,6.332320162107395e-05,0,0,7.797878976918278e-05,0,0,0,8.956560680698612e-05,0,0,0.00014207128568830696,0,7.1301247771836e-05,0,5.686988171064603e-05,6.724045185583648e-05,0,5.511463844797178e-05,0,5.5233360950013806e-05,3.782291312076856e-05,0,0.00011708048112272376,9.090666024972595e-05,0,0,7.545446806534744e-05,5.245901639344263e-05,0.00020525982792718214,0.00018664909969257795,3.012774162448783e-05,0,2.693530140602273e-05,6.845564074479737e-05
tanzania,0,0,0,0,0,0,0,0,0,0,0,0,0,0,0,0,0,0,0,0,0,0,0,0,0,0,0,0,0,0,0,0,0,0,0,0,0,0,0,0,0,0,0,0,0,0,0,0,0,0,0,0,0,0,0,0,0,0,0,0,0,0,0,0,0,0,0,0,0,0,0,0,0,0,0,0,0,0,0,0,0,0,0,0,0,0,0,0,0,0,0,0,0,0,0,0,0,0,0,0,0,0,0,0,0,0,0,0,0,0,0,0,0,0,0,0,0,0,0,0,0,0,0,0,0,0,0,0,0,0,0,0,0,0,0,0,0,0,0,0,0,0,0,0,0,0,0,1.336594624216422e-05,5.254308532997059e-05,6.734006734006734e-05,6.318316800404371e-05,0,0,0,0,0,0,0,0,0,0,0,0,8.253549026081214e-05,0,0,0,0,0,6.823144104803494e-05,0,0,5.623031938821413e-05,0,8.863892711442618e-05,0.0001923539034556696,0.00013461715589375167,0.0002801955870566756,0.00011604278074866312,0.00016379105995151507,0.0002862555058331123,3.6421911421911415e-05,2.9594554601953234e-05,7.590880606753622e-05,5.664362519201229e-05,0.00025539311391639826,0.0003921757258347618,3.322700691121743e-05,0.00015483998539305598,0.00012909759927127155,0.00020385166354665267,0.0001790784472007249,0.0002526285228398461,9.737189862043944e-05,5.1030822616860586e-05,2.9137529137529144e-05,0.00010716868092139243,0.00022276717332390714,0.00017405376351936714,0.00016950920565378397
texas,0,0,0,0,0,0,0,0,0,0,0,0,0,0,0,0,0,0,0,0,0,0,0,0,0,0,0,0,0,0,0,0,0,0,0,0,0,0,0,0,0,0,0,0,0,0,0,0,0,0,0,0,0,0,0,0,0,0,0,0,0,0,0,0,0,0,0,0,0,0,0,0,0,0,0,0,0,0,0,0,0,0,0,0,0,0,0,0,0,0,0,0,0,0,0,0,0,0,0,0,0,0,0,0,0,0,0,0,0,0,0,0,0,0,0,0,0,0,0,0,0,0,0,0,0,0,0,0,0,0,0,0.00035310734463276836,0,0,0,0,0,0,0,0,0,0,0,0,0,0,0,0.0001779898507914868,0,0,0.00010741138560687433,0,3.700277520814062e-05,0.0001465845793022574,0,2.9488086812927577e-05,7.999999999999999e-05,0,0,0,0,0,0,0,7.590708972218006e-05,0.00018181328449065344,0,6.109481915933529e-05,0,0,0,0,0,6.568144499178983e-05,0,3.2347803584136645e-05,0.00014775413711583927,9.230233368164404e-05,0,9.453727834840819e-05,0.00014204603938586705,4.370629370629371e-05,0.0002557152143310899,3.149407911312675e-05,0.00012408228649841196,0.00014892526186294992,0.00016414537509711082,0.0001012145748987854,0,2.9197080291970807e-05,0,0,0.00010381929151198641,0,5.724327058760884e-05,2.331002331002331e-05,1.936783390145647e-05,2.120890774125133e-05,3.0104160394966584e-05,7.823501799405415e-05
uganda,0,0,0,0,0,0,0,0,0,0,0,0,0,0,0,0,0,0,0,0,0,0,0,0,0,0,0,0,0,0,0,0,0,0,0,0,0,0,0,0,0,0,0,0,0,0,0,0,0,0,0,0,0,0,0,0,0,0,0,0,0,0,0,0,0,0,0,0,0,0,0,0,0,0,0,0,0,0,0,0,0,0,0,0,0,0,0,0,0,0,0,0,0,0,0,0,0,0,0,0,0,0,0,0,0,0,0,0,0,0,0,0,0,0,0,0,0,0,0,0,0,0,0,0,0,0,0,0,0,0,0.00026652452025586353,0,0,0,0,0,0,0,0,0.00016835016835016836,0,0,0,0,0,0,0,0,0,0.00035151515151515155,0,2.60050969990118e-05,4.728132387706856e-05,7.32922896511287e-05,3.607503607503608e-05,0.00019485254567386644,0.00012401002506265665,0,4.59896983075791e-05,5.912961210974456e-05,0,0,0,5.960896518836433e-05,0,0,0,0,0,0,0,4.485109436670256e-05,0,0.00023809523809523812,0,4.205214465937761e-05,2.1535015935911797e-05,0.00014877886459337112,7.767358150989864e-05,0,0,0.00013513056991317862,0.00015743483554302916,0,9.905534135672889e-05,3.765910973864579e-05,0.00014733631516325528,3.6247643903146304e-05,6.844705050251542e-05,0.00011824047025365604,7.530627585667145e-05,9.807086653827335e-05,2.6799592646191788e-05,0,0.00012549743054209134,9.02720467937859e-05,0.00013398916669838008,0.00017578225737417303,0.00011882526438926065,4.563709382986491e-05
united states,0,0,0,0,0,0,0,0,0,0,0,0,0,0,0,0,0,0,0,0,0,0,0,0,0,0,0,0,0,0,0,0,0,0,0,0,0,0,0,0,0,0,0,0,0,0,0,0,0,0,0,0,0,0,0,0,0,0,0,0,0,0,0,0,0,0,0,0,0,0,0,0,0,0,0,0,0,0,0,0,0,0,0,0,0,0,0,0,0,0,0,0,0,0,0,0,0,0,0,0,0,0,0,0,0,0,0,0,0,0,0,0,0,0,0,0,0,0,0,0,0,0,0,0,0,0,0,0,0.0011337868480725624,0.0002038735983690112,0.0014966376906675413,0.00015133171912832928,0.0010445299615173171,0.0011175115207373272,0.002120900966795135,0.0004881354374842074,0.0005617852534152094,0.0006857207951874114,0.00025786487880350697,0.0003703703703703704,0.0001725327812284334,0.00019342359767891682,0.00038819875776397513,0,0.0004716981132075472,9.900009900009899e-05,0.0007055175262199291,0.0005994176333277424,0.0009679603941899024,0.0008372956106041434,0.0006992956792267099,0.0007150670801603956,0.0009759055174508703,0.000686319753946231,0.0008175954115536844,0.0005812850872692664,0.0012343336853366778,0.0006075625994231595,0.0005507289989704475,0.0003818189134686017,0.0008893585795123314,0.0007833988347480873,0.0002353614571052677,0.000825898618272288,0.0012180009594320257,0.0011464394973177464,0.0006587866896884122,0.0011024720259891956,0.0007723675520868737,0.0005315641598204735,0.0006425207554685024,0.0016610627133255575,0.0012854459926522823,0.0013263147582385387,0.001804979252966463,0.001323827534096508,0.0010725281558571524,0.001403979393286024,0.001056584472337259,0.0011610534978727664,0.0010713113758333529,0.0012027453288260357,0.001814540737628623,0.0015686675612699586,0.0023529547812629263,0.0018376817845059971,0.0016078084537298441,0.001017638252761877,0.0015002081955307817,0.0010578240984052926,0.0008841710846538498,0.0012568639237252848,0.000482033103597809,0.0010187252609378907,0.0008250312829598283,0.0007357653862992729,0.000991721724255214,0.0006317014044255536,0.0007305539516164791,0.00020913805463770028
ussr,0,0,0,0,0,0,0,0,0,0,0,0,0,0,0,0,0,0,0,0,0,0,0,0,0,0,0,0,0,0,0,0,0,0,0,0,0,0,0,0,0,0,0,0,0,0,0,0,0,0,0,0,0,0,0,0,0,0,0,0,0,0,0,0,0,0,0,0,0,0,0,0,0,0,0,0,0,0,0,0,0,0,0,0,0,0,0,0,0,0,0,0,0,0,0,0,0,0,0,0,0,0,0,0,0,0,0,0,0,0,0,0,0,0,0,0,0,0,0,0,0,0,0,0,0,0,0,0,0,0,0,0,0,0.0007258064516129033,0,0.00016079755587715066,0.00011295606009262397,0,0,0.00020576131687242798,0,0,0,0,0.0004716981132075472,0,0.0002903562012510583,0.00010566634719040273,0.0006094997898276586,0.00030103230103230104,0.000629038582851687,0.00016209843796050695,0.00011550151975683892,0,0.0001456876456876457,0,5e-05,0.00011801016702977486,6.898454746136865e-05,0,0.00022354694485842027,0.00030558611416697226,0,0.0004968833026772941,0.0003332470076234532,0.00013095816575857516,0.00025175769856620924,0,0,0.0003578360019408054,0.0002471576866040534,9.785693316371464e-05,0,0.0005136625826280998,0,0,0,0,0,0,6.999370056694898e-05,0.00010926573426573427,0,5.511463844797178e-05,0,4.8735318485306304e-05,0,0,0,0,2.7931400480420094e-05,0,0,0,2.4494794856093088e-05,0,0,0,2.3262305759746903e-05,0
africa,0,0,0,0,0,0,0,0,0,0,0,0,0,0,0,0,0,0,0,0,0,0,0,0,0,0,0,0,0,0,0,0,0,0,0,0,0,0,0,0,0,0,0,0,0,0,0,0,0,0,0,0,0,0,0,0,0,0,0,0,0,0,0,0,0,0,0,0,0,0,0,0,0,0,0,0,0,0,0,0,0,0,0,0,0,0,0,0,0,0,0,0,0,0,0,0,0,0,0,0,0,0,0,0,0,0,0,0,0,0,0,0,0,0,0,0,0,0,0,0,0,0,0,0,0,0,0,0,0,0,0,0,0,0,0.00020496003279360522,0,0.00020977554017201594,0.00036173633440514467,0,0,0,0.00021276595744680854,0,0.00025960539979231567,0.00023584905660377356,0,0.0001811189426716229,0.0002614949265986034,0.00020509125174951153,6.060606060606062e-05,4.296455424274975e-05,0.00022337009632835404,0.00010477060289325623,6.922049578162157e-05,0,3.9808917197452234e-05,3.999999999999998e-05,8.743742759088028e-05,0.0001754178492589089,0.00012220119836013873,0.0001232589670898558,0.00014209754308764212,0.00014270802753041723,7.664009809932556e-05,0.00011844326074296824,0,0.0001872944122184244,0.00011630874109651697,7.174244462380056e-05,8.610158037013934e-05,7.689350249903881e-05,0.00022654199821299173,0.00013183411016228354,0.00021340454837991788,0.00011788977306218682,0.00046716104967102815,0.00023261235467282495,8.763208487039563e-05,0.0003159547748274517,0.000331003733283973,9.436187780136824e-05,6.724045185583648e-05,8.897500790888959e-05,3.6743092298647854e-05,0.00014603601297149686,0.00017600154302722652,8.825346394845997e-05,2.9535117254415515e-05,4.0783034257748784e-05,2.3546032493524857e-05,9.766358650739991e-05,2.74333369911116e-05,2.128202945432876e-05,0.00013404419615971506,9.725874428154606e-05,8.325008325008326e-05,0.00015024941819976006,0.00019756638993955513,2.047082906857728e-05,0.00018776404318572994
alabama,0,0,0,0,0,0,0,0,0,0,0,0,0,0,0,0,0,0,0,0,0,0,0,0,0,0,0,0,0,0,0,0,0,0,0,0,0,0,0,0,0,0,0,0,0,0,0,0,0,0,0,0,0,0,0,0,0,0,0,0,0,0,0,0,0,0,0,0,0,0,0,0,0,0,0,0,0,0,0,0,0,0,0,0,0,0,0,0,0,0,0,0,0,0,0,0,0,0,0,0,0,0,0,0,0,0,0,0,0,0,0,0,0,0,0,0,0,0,0,0,0,0,0,0,0,0,0,0,0,0.0002038735983690112,0,0,0,0,0,0,0,0,0,0.00016835016835016836,0,0,0,0,0,0,0,6.81663258350375e-05,0.0001801477211313277,0.0002664002664002664,0,8.841732979664013e-05,0,0,0.00012025012025012024,0.00010994843797391569,0.0002546778711484594,8.663634394628549e-05,0.00015051173991571343,0,0,3.9289643250039296e-05,0,0,0,4.2647560559535984e-05,0,0,0,0,0,0,5.953798523457967e-05,0,3.27471591839408e-05,0.00023586910604398497,0,0,6.284565108094522e-05,3.5132096683530073e-05,0.00017873391394774473,0.00019237391396482306,0.0002079121586605894,0.00019534867629338913,0.00016563146997929608,0.00020882796359184097,0.00016152543952385097,0.00011446624390467251,0.0003322335857001436,0.0004040930683266449,3.6310820624546116e-05,8.151620134501733e-05,0.0001271393967401459,0.0002142853114786323,8.490473073322495e-05,8.921633921633922e-05,6.469536096205806e-05,8.897990029375555e-05,2.0470829068577278e-05,0
asia,0,0,0,0,0,0,0,0,0,0,0,0,0,0,0,0,0,0,0,0,0,0,0,0,0,0,0,0,0,0,0,0,0,0,0,0,0,0,0,0,0,0,0,0,0,0,0,0,0,0,0,0,0,0,0,0,0,0,0,0,0,0,0,0,0,0,0,0,0,0,0,0,0,0,0,0,0,0,0,0,0,0,0,0,0,0,0,0,0,0,0,0,0,0,0,0,0,0,0,0,0,0,0,0,0,0,0,0,0,0,0,0,0,0,0,0,0,0,0,0,0,0,0,0,0,0,0,0,0,0,0,0,0,0,0,0,0,0.00017863522686673814,0,0,0,0,0,0,0,0,0,0,0,0,4.296455424274975e-05,0,0,0.0001330894910490337,0,3.9808917197452234e-05,7.809523809523808e-05,0,9.460737937559131e-05,6.307158625039418e-05,6.16294835449279e-05,7.334066740007336e-05,4.485109436670255e-05,0,0,5.3870602812045456e-05,0,0,0,0,0,5.98014591556034e-05,0.00016306288992314397,0.00040182997079548803,2.763041556145005e-05,0.00021250467003200392,0.00016270337922403004,8.764680840407684e-05,8.133077792520517e-05,0.0002698381207457688,7.832628396777625e-05,3.4965034965034985e-05,6.55307994757536e-05,4.409171075837743e-05,2.8801843317972364e-05,0.00033870661499455174,0,3.6247643903146284e-05,4.0783034257748784e-05,2.5169896803423117e-05,0,0,2.6799592646191788e-05,2.2611644997173548e-05,4.710537472325593e-05,1.4942322634630323e-05,0.0001578399731936582,0,4.7406130474600016e-05,9.127418765972984e-05
australia,0,0,0,0,0,0,0,0,0,0,0,0,0,0,0,0,0,0,0,0,0,0,0,0,0,0,0,0,0,0,0,0,0,0,0,0,0,0,0,0,0,0,0,0,0,0,0,0,0,0,0,0,0,0,0,0,0,0,0,0,0,0,0,0,0,0,0,0,0,0,0,0,0,0,0,0,0,0,0,0,0,0,0,0,0,0,0,0,0,0,0,0,0,0,0,0,0,0,0,0,0,0,0,0,0,0,0,0,0,0,0,0,0,0,0,0,0,0,0,0,0,0,0,0,0,0,0,0,0,0,0,0,0,0,0,0,0,0.0003215434083601286,0.0003008423586040914,0,0,0,0,0,0,0,0,1.7938506798694072e-05,0,0,7.160759040458288e-05,0,0.00020445903767540825,0,9.018759018759019e-05,3.791325447376402e-05,0.00013126934984520125,2.3426335886803945e-05,0,4.97933575661007e-05,6.16294835449279e-05,0.0001869467992550889,9.198551717389177e-05,5.9608965188364314e-05,0.00035225128262273813,0.0001176119061393415,0.00018027677602145686,0.0002204205240258371,4.9558925562493803e-05,0.00010917030567685588,6.0705396709767496e-05,0,0,0,0,9.704341075240991e-05,4.307003187182358e-05,6.966213862765588e-05,0.00015873015873015868,9.497248114448788e-05,0.00012935110349872434,0,5.733944954128441e-05,0.00014697236919459142,3.101736972704715e-05,9.683771075651772e-05,0,0.00011126859037075756,0.0001252798673808376,0.00011991657977059439,3.631082062454611e-05,8.769208065779467e-05,0.0002005561620726523,5.603576751117734e-05,0.00023386766299485584,0.00012530645682819598,0.00023538276317560484,0.00017470909336669428,0.000344079656530647,6.0849458439819865e-05
austria,0,0,0,0,0,0,0,0,0,0,0,0,0,0,0,0,0,0,0,0,0,0,0,0,0,0,0,0,0,0,0,0,0,0,0,0,0,0,0,0,0,0,0,0,0,0,0,0,0,0,0,0,0,0,0,0,0,0,0,0,0,0,0,0,0,0,0,0,0,0,0,0,0,0,0,0,0,0,0,0,0,0,0,0,0,0,0,0,0,0,0,0,0,0,0,0,0,0,0,0,0,0,0,0,0,0,0,0,0,0,0,0,0,0,0,0,0,0,0,0,0,0,0,0,0,0,0,0,0,0,0.00035536602700781805,0,0,0,0.0002391200382592061,0,0,0,0,0,0,0,0,0,0,0,0,5.243563525772116e-05,0,0.0001731601731601732,0,0.00015262515262515263,0,1.911972773507705e-05,0.0001757147690162044,0.00021809599636032757,0,0,0,6.757669955399378e-05,0.00014637002341920375,0.0001925192519251925,0.0001441642318929725,0,8.174609662388623e-05,0,0,0,0,0.0003942261038330908,8.872327211427558e-05,0,0.00020447388868441503,0.000420613868889731,0.00024191963847136258,0.000145373330731871,0.0001818512456810329,8.514261387824605e-05,9.80392156862745e-05,7.026419336706016e-05,0.00018198362147406734,0.00012967801429339894,0.0001019367991845056,7.348618459729571e-05,6.720430107526882e-05,0.00011892350443782875,0.00012973815419734216,0.00011392116655274552,6.797172376291462e-05,0.00015179163901791638,0.00010233049448735725,0,0,0,0,0,3.189996172004593e-05,0,3.6555051908173714e-05,2.3810657650364302e-05
brazil,0,0,0,0,0,0,0,0,0,0,0,0,0,0,0,0,0,0,0,0,0,0,0,0,0,0,0,0,0,0,0,0,0,0,0,0,0,0,0,0,0,0,0,0,0,0,0,0,0,0,0,0,0,0,0,0,0,0,0,0,0,0,0,0,0,0,0,0,0,0,0,0,0,0,0,0,0,0,0,0,0,0,0,0,0,0,0,0,0,0,0,0,0,0,0,0,0,0,0,0,0,0,0,0,0,0,0,0,0,0,0,0,0,0,0,0,0,0,0,0,0,0,0,0,0,0,0,0,0,0,0,0,0,0,0.0001304291117777488,0.00013156163662675965,0,0.00014615609470914936,0,0,0,0,0,0,0,0,0.00010090678506396113,0,7.005744710662742e-05,0.00024242424242424245,0.00034162787922186415,0,0.00010638297872340425,0,0,0,0,0.00019051391600411206,2.508528998595225e-05,0,0,0.0001000100010001,8.2802020369297e-05,8.253549026081214e-05,0.00013283740701381508,0.00013957383455848142,0.00038596999083321263,8.145975887911372e-05,6.725854183481303e-05,6.0650169820475496e-05,8.238589553468446e-05,9.785693316371466e-05,0.00017157357877579482,0.00011083743842364531,9.824147755182238e-05,4.426541543092383e-05,0.0001793821447159672,0.00024087200989412018,9.065991988193126e-05,0.0003450642788581571,0.00017138457538821509,6.410256410256413e-05,0.00030835765120819597,0.00045234146090150835,0.000328062161476081,9.289247068865959e-05,0.0006242126835743429,0.0003739647005900877,0.00032727409865019474,0.00013565734046627135,0.00023883939599555053,0.000550272419830827,0.0004571004025775147,0.000311299750644013,0.000568242512316151,0.0004994162760208523,0.0005087294123171938,0.0006753359077583484,0.00021560776292459704,0.0006076967331074671
california,0,0,0,0,0,0,0,0,0,0,0,0,0,0,0,0,0,0,0,0,0,0,0,0,0,0,0,0,0,0,0,0,0,0,0,0,0,0,0,0,0,0,0,0,0,0,0,0,0,0,0,0,0,0,0,0,0,0,0,0,0,0,0,0,0,0,0,0,0,0,0,0,0,0,0,0,0,0,0,0,0,0,0,0,0,0,0,0,0,0,0,0,0,0,0.0010416666666666667,0,0,0,0,0,0,0,0,0,0,0,0,0,0,0,0,0,0,0,0.0008025682182985557,0,0,0,0,0.0019841269841269845,0,0,0,0,0,0,0,0,0,0,0.00035536602700781805,0,0,0,0,0,7.342143906020558e-05,0,0,0,0,0.00013297872340425532,0,0,0,0,0,5.3731103893500144e-05,0.0006389470134741256,0,0.0001790189760114572,0,2.300172512938472e-05,7.995522507395859e-05,8.01667468334135e-05,0,0.00011153846153846152,2.504194525830768e-05,2.5869205298013245e-05,4.3003354261632414e-05,0,0,0.00014717372090892008,0,0,4.2647560559536004e-05,0,0.00010764325280454314,9.651600753295666e-05,0,5.4923930356456306e-05,0.00019862627505253989,0,0.00012056908608632747,0.0001031535514294135,2.1565202389424428e-05,3.2733224222585926e-05,4.2571306939123026e-05,7.494553376906316e-05,0.00013176865970957965,4.1359913971378935e-05,0,0,0.00018653775698864266,0.00042729168233200497,0,5.673436968115284e-05,4.984051036682616e-05,0.0001352821233663847,0.0001437296743165537,0.00016882610382973492,0.00011959826510468448,5.57431527040789e-05,4.6898226660804394e-05,0.00011085164338782155,7.389708806712854e-05,2.1691973969631233e-05,1.4728408153646752e-05,6.701759516498512e-05,0
canada,0,0,0,0,0,0,0,0,0,0,0,0,0,0,0,0,0,0,0,0,0,0,0,0,0,0,0,0,0,0,0,0,0,0,0,0,0,0,0,0,0,0,0,0,0,0,0,0,0,0,0,0,0,0,0,0,0,0,0,0,0,0,0,0,0,0,0,0,0,0,0,0,0,0,0,0,0,0,0,0,0,0,0,0,0,0,0,0,0,0,0,0,0,0,0,0,0,0,0,0,0,0,0,0,0,0,0,0,0,0,0,0,0,0,0,0,0,0,0,0,0,0,0,0,0,0,0.004219409282700422,0,0,0.00012232415902140674,0,0,0,0,0,0,0,0,0,0.0002645502645502645,0,0,0,0,0,0,7.109341674960899e-05,0.00016597018464183043,0.00017460471432728685,0.00015151515151515152,0,0,0,0,9.018759018759019e-05,0,0.00016713286713286712,0,0,5.912961210974455e-05,0.0002722232230428952,0,0,0,4.620431548306611e-05,4.8740069210898254e-05,9.210647508519848e-05,0,4.9558925562493824e-05,0.00010160872606287454,5.7670126874279144e-05,0.00032292787944025834,0,0,2.2104332449160042e-05,0,0,6.966213862765586e-05,0.000130718954248366,0,0,8.135803590349046e-05,6.116207951070338e-05,3.266052648768699e-05,0,7.73042982870376e-05,0.0001378960374194687,0.0001594896331738437,9.820663767752214e-05,0,0.00018241864647093405,0.00012849290928925063,0,0.00010109289617486339,0,7.389953042126956e-05,7.468028075403348e-05,0.00013487642551159574,0.0003132657175645917,7.823501799405415e-05
china,0,0,0,0,0,0,0,0,0,0,0,0,0,0,0,0,0,0,0,0,0,0,0,0,0,0,0,0,0,0,0,0,0,0,0,0,0,0,0,0,0,0,0,0,0,0,0,0,0,0,0,0,0,0,0,0,0,0,0,0,0,0,0,0,0,0,0,0,0,0,0,0,0,0,0,0,0,0,0,0,0,0,0,0,0,0,0,0,0,0,0,0,0,0,0,0,0,0,0,0,0,0,0,0,0,0,0,0,0,0,0,0,0,0,0,0,0,0,0,0,0,0,0,0,0,0,0,0,0,0,0,0,0,0,0,0,0,0,0,0,0,0,0,0,0,0,0,0,0,0,0,0,3.0395136778115506e-05,0,0,0,0,2.593630044610437e-05,0.0001379690949227373,0,0,0,0,8.253549026081214e-05,0,0.00011372682815876268,6.754474839581224e-05,0,0,0,0,0,0.00012279709454632057,9.143155694879832e-05,4.420866489832006e-05,0.00013349887193453213,5.455537370430988e-05,6.385696040868454e-05,0,0.00040025003818278294,4.789042670370194e-05,4.856254856254857e-05,8.897500790888957e-05,0.0003125275501818712,8.320532514080901e-05,0.00018948111325907516,0.00010261520777112864,0.0003196903355526197,0.00015702490320417683,0.0003934040871659269,0.0006547003562887986,0.000875198019823345,0.0009930624258388445,0.001446210617997645,0.0012932763133137056,0.0015773975962404768,0.0015225566948696098,0.0019006585924770361,0.0018252197914105377,0.001953790398478241
denmark,0,0,0,0,0,0,0,0,0,0,0,0,0,0,0,0,0,0,0,0,0,0,0,0,0,0,0,0,0,0,0,0,0,0,0,0,0,0,0,0,0,0,0,0,0,0,0,0,0,0,0,0,0,0,0,0,0,0,0,0,0,0,0,0,0,0,0,0,0,0,0,0,0,0,0,0,0,0,0,0,0,0,0,0,0,0,0,0,0,0,0,0,0,0,0,0,0,0,0,0,0,0,0,0,0,0,0,0,0,0,0,0,0,0,0,0,0,0,0,0,0,0,0,0,0,0,0,0,0,0,0,0,0,0,0,0,0.00014684287812041116,0.0001786352268667381,0,0,0.0002587991718426501,0.00042553191489361707,0,0,0,0,0.00024505685318994004,2.350562959828879e-05,0,0,0,0,0,0,0,0,8.03921568627451e-05,6.601967386281112e-05,0.00016556291390728477,0.00021680857773573008,0,0,4.8928466581857334e-05,8.94134477825465e-05,0.00021844373597827368,0.00029197176075374643,9.210647508519848e-05,0.000281714720217394,0.00018542256827401395,0.0001884487419421917,0,0.00026410887282792554,0,7.57862826828344e-05,7.368110816386678e-05,5.606952621250352e-05,0.00016074351180734163,7.662835249042145e-05,0,4.2158516020236095e-05,2.8434940855323015e-05,0,8.34028356964137e-05,4.64123271140815e-05,0,4.360528496053722e-05,8.825346394845997e-05,0.0001139211665527455,0.00013080272892191134,2.211900022119e-05,0,5.4866673982223194e-05,0,0,5.5669988309302464e-05,0.00020318542628858767,2.1691973969631237e-05,0,7.902342103678728e-05,1.7665971805108998e-05
england,0,0,0,0,0,0,0,0,0,0,0,0,0,0,0,0,0,0,0,0,0,0,0,0,0,0,0,0,0,0,0,0,0,0,0,0,0,0,0,0,0,0,0,0,0,0,0,0,0,0,0,0,0,0,0,0,0,0,0,0,0,0,0,0,0,0,0,0,0,0,0,0,0,0,0,0,0,0,0,0.007936507936507934,0,0,0,0,0,0,0,0,0,0,0,0,0,0,0,0,0,0,0,0,0,0,0,0,0,0,0,0,0,0,0,0,0,0,0,0,0,0,0,0,0,0,0,0,0,0,0,0,0,0,0,0,0,0,0,0,0,0,0,0,0,0,0,0,0,0.0001386001386001386,0.0001155268022181146,0.0003442232660472535,0.00010508617065994117,0.0007877015771752614,0.0001869604193082061,0.00016800912026376222,0.00024813990235870564,0.00026753961880725675,0.00010494555949101403,0.0002483424795457474,0.000531908551218896,3.1574626630040086e-05,0.00021023862083464732,5.255965520866184e-05,0.00023419203747072597,0.00024782698050024787,0.00044437874964057454,0.000395788719169947,0,0.00014622020763269486,0.00029792990919210723,0,4.708097928436912e-05,0,6.784720808738721e-05,0.0004560832063523129,0.00045767274248175496,0,5.894488653109344e-05,0.0001020382921881957,3.147425406017878e-05,0.000400389979942309,0.00015844721727074665,0.0002620903548390901,0.00014082065947398068,0.00011919898283534647,0.0001390429142722721,0.0004202510119987684,0.0003924979943655665,0.0003844202280952815,0.00020426940251263946,0.00013543960912381966,0.00038159230655152363,0.00037832412327903946,0.00010427722846023503,0.0002101596020221586,2.7830346209506853e-05,4.371584699453553e-05,0.00015250928528074242,2.0812520812520816e-05,0.00017504210014494367,9.967056626653659e-05,0.00012936073952351566,0
ethiopia,0,0,0,0,0,0,0,0,0,0,0,0,0,0,0,0,0,0,0,0,0,0,0,0,0,0,0,0,0,0,0,0,0,0,0,0,0,0,0,0,0,0,0,0,0,0,0,0,0,0,0,0,0,0,0,0,0,0,0,0,0,0,0,0,0,0,0,0,0,0,0,0,0,0,0,0,0,0,0,0,0,0,0,0,0,0,0,0,0,0,0,0,0,0,0,0,0,0,0,0,0,0,0,0,0,0,0,0,0,0,0,0,0,0,0,0,0,0,0,0,0,0,0,0,0,0,0,0,0,0,0,0,0,0,0,0,0,0,0,0,0,0,0,0,0,0,0,0.00017012347815887767,0,0,0.0001790189760114572,7.894404446128584e-05,2.6595744680851053e-05,0.00018289757735668024,0,0,0,0,0.00018625827814569538,0,0.00015612802498048397,7.334066740007336e-05,0,8.941344778254651e-05,4.620431548306613e-05,4.8740069210898274e-05,0,0,0,0,8.543722499893203e-05,3.844379517145933e-05,4.400633691251541e-05,0,0.00013668379485470936,4.672460517708624e-05,3.273322422258594e-05,0.00011532457892611149,8.636788048552754e-05,8.202788184932814e-05,8.340915984228086e-05,8.17117664943752e-05,3.82262996941896e-05,0,3.225806451612904e-05,8.187533505531459e-05,6.94161699628223e-05,0.00018361876914508492,0,0,5.95060271104602e-05,0,5.481734859448318e-05,2.9806259314456046e-05,1.9753866819429906e-05,0,0.00010104956818151199,6.658540143653367e-05,5.862676163874834e-05,0.0001942836280185678
europe,0,0,0,0,0,0,0,0,0,0,0,0,0,0,0,0,0,0,0,0,0,0,0,0,0,0,0,0,0,0,0,0,0,0,0,0,0,0,0,0,0,0,0,0,0,0,0,0,0,0,0,0,0,0,0,0,0,0,0,0,0,0,0,0,0,0,0,0,0,0,0,0,0,0,0,0,0,0,0,0,0,0,0,0,0,0,0,0,0,0,0,0,0,0,0,0,0,0,0,0,0,0,0,0,0,0,0,0,0,0,0,0,0,0,0,0,0,0,0,0,0,0,0,0,0,0,0,0,0,0.00015290519877675843,0,0,0,0.0003225806451612903,0,0,0,0.00017863522686673814,0,0,0,0,0,0,0,0.0003465003465003465,9.794663666318413e-05,9.940922517609633e-05,0.00035028723553313717,0.0003137254901960784,0.00022198353025420695,0.0003454702184284761,0.0002298157784950487,0.00013059995197552346,0.00011452392404773357,0.00015916013004749877,0.00017048690439994786,0.0002327616706701674,0.00018576553137811418,0.0001262133299938367,0.0004749716708917991,0.0004575457545754576,0.00017839269864650863,0.0001072961373390558,4.620431548306611e-05,0.00014270529879537044,0.00013569257490230136,0.0004929479123027509,0.0005749272698425241,0.00035585320792744376,0,0.0006937317169698606,0.00040579167736636305,0.0010626036444639747,0.00014245014245014244,0.0001784030379488748,0.000509273486058739,0.0003022810460268202,0.0001613419260478084,0.0005002413902820609,0.00017834714594614897,6.724045185583647e-05,0.00035570661233612274,0.0001857567443987197,0.0005359850722753949,0.00040492347811174265,0.00024092931162033622,0.00016107035749443203,0.00036623091379681057,9.264458169567659e-05,0.00010755936361472694,0.00041932854563969777,0.0005053513500628583,5.074160811865732e-05,0.00017960198609310674,0.0002345688290258426,0.00030925751008497183,0.00025910602161303926,8.379871548540405e-05,0.00021163575380442852
france,0,0,0,0,0,0,0,0,0,0,0,0,0,0,0,0,0,0,0,0,0,0,0,0,0,0,0,0,0,0,0,0,0,0,0,0,0,0,0,0,0,0,0,0,0,0,0,0,0,0,0,0,0,0,0,0,0,0,0,0,0,0,0,0,0,0,0,0,0,0,0,0,0,0,0,0,0,0,0,0,0,0,0,0,0,0,0,0,0,0,0,0,0,0,0,0,0,0,0,0,0,0,0,0,0,0,0,0,0,0,0,0,0,0,0,0,0,0,0,0,0,0,0,0,0,0,0,0,0,0,0,0,0,0.00026881720430107527,0.0005978000956480152,0,0,0,0.0005587072374075984,0,0,0.0010917687513432193,0,0.0003337783711615487,0,0,0.0012362822197738382,0.0009964309029026942,0.002428710073728989,0.000391919191919192,0.00023555128422560157,0.00029510719165891586,0.0004905881725590572,0.0003906208513207541,0.0003723836568181203,0.00021231422505307856,3.636363636363638e-05,0.00012103606874848706,4.356918787033811e-05,0.00033941933185074153,0,0.00023752375237523756,0.00035927474032963806,0.00013412017167381974,0.00017030436796642965,0.0003831112793121343,7.79362481490141e-05,0.00030256481869385095,0.00024678711119389084,0.0002651278852152214,0.00019223375624759706,0.0003078201423904217,0.000183752650857914,0.00016420361247947453,5.5260831122900086e-05,0,3.7196845707484e-05,0.0005438664418771889,0.0002745098039215686,0.00033040900452367564,0.0001060510614650742,4.162504162504163e-05,0.00014816706499113405,4.6412327114081504e-05,0.0009571580906969901,0.0005618978278464608,0.0005243498070376741,0.0002909736462368042,0.0005425891837881293,0.00024083587333896487,0.00023988503646550443,0.0004993946189297369,0.0003501017866387748,0.0002816751841773412,0.00014871839734056515,8.284199460670048e-05,0.00036594425985469586,7.53747946686628e-05,0.00031147890277435025,0
germany,0,0,0,0,0,0,0,0,0,0,0,0,0,0,0,0,0,0,0,0,0,0,0,0,0,0,0,0,0,0,0,0,0,0,0,0,0,0,0,0,0,0,0,0,0,0,0,0,0,0,0,0,0,0,0,0,0,0,0,0,0,0,0,0,0,0,0,0,0,0,0,0,0,0,0,0,0,0,0,0,0,0,0,0,0,0,0,0,0,0,0,0,0,0,0,0,0,0,0,0,0,0,0,0,0,0,0,0,0,0,0,0,0,0,0,0,0,0,0,0,0,0,0,0,0,0,0,0,0,0,0,0,0,0,0,0,0.0001631587534671235,0,0,0,0,0,0,0,0,0,0.0001940246215553381,0.00040913928870015405,0.000299091408801371,0.00046368446368446367,0.0002706596423030365,0.00011052166224580017,0.0002786220871327254,0.000174359372326158,0.00017522160379303237,0.0002132620564149227,0,0.00011789227475501986,0.00035876765802262496,0.0001762870423147664,0.0002820949542261018,0.00012223444566678888,0.0005740940078937926,0.00036404046597179646,0.00039851222104144525,0.0003061876142735918,0.00031779686035005185,0.00015665338245983405,0.0003138731952291274,0.000277124622102788,0,5.9801459155603396e-05,0.00016869095816464237,8.956560680698613e-05,0.00040629868216075104,0.0003810348375108679,0.00020523051119344818,9.141628016401159e-05,0.00027723910076851255,0.0005846774080332259,0,0.0002809156655310501,0.00032238609642930174,0.0003372439510783737,0.0002670078577336642,0.0005970317764368764,0.0006115207132587874,0.00046441386934417927,0.0010762230320720074,0.0006105610886799818,0.0003125613858943849,0.00033158803193207825,0.00021915423188088545,0.0003035106969533199,0.0001855334907998717,0.00034071568162477253,0.0002384873079416756,0.00017669892430207364,0.00029530921577402403,0.00010648655226968479
india,0,0,0,0,0,0,0,0,0,0,0,0,0,0,0,0,0,0,0,0,0,0,0,0,0,0,0,0,0,0,0,0,0,0,0,0,0,0,0,0,0,0,0,0,0,0,0,0,0,0,0,0,0,0,0,0,0,0,0,0,0,0,0,0,0,0,0,0,0,0,0,0,0,0,0,0,0,0,0,0,0,0,0,0,0,0,0,0,0,0,0,0,0,0,0,0,0,0,0,0,0,0,0,0,0,0,0,0,0,0,0,0,0,0,0,0,0,0,0,0,0,0,0,0,0,0,0,0,0.00044642857142857147,0.0005998588567395907,0,0,0,0,0,0.0005742769852755381,0,0,0,0,0,0.00026595744680851064,0,0,0.000181422351233672,0,3.423016362018211e-05,0,0,0,0,0,0.00027275635898256283,0.00010993843447669307,2.7750027750027743e-05,0.0004224013778153906,9.705882352941177e-05,0.00019782786026538427,0,0.00010418074514574041,0.00017032148179689163,4.78308700435261e-05,0.00017940437746681017,0,0.0001518141794443601,0.0002636394652771316,4.221546774738263e-05,6.982265046781177e-05,0.00013385768620065728,9.924573243350538e-05,0,0,0.0005660074685643171,0.00047870711663815116,8.289124668435013e-05,0.00017763202842112455,7.439369141496801e-05,0.00014376353118746629,0.0003975521053099911,4.9598254141454234e-05,0.00010455580736864117,0.00036042520782529223,0.00018632590650939277,0.00042620509719630073,0.0003332828685651266,0.0003358613217768148,0.00031703017452678717,0.0004886372709339218,0.0005551970824330566,0.00031240826487801993,0.0005875793612291722,0.00017646698375356685,0.0006453558064495684,0.0006903420495415481,0.0003414843244785313,0.0004881275132458636,0.00047054786589811653,0.0002773075935214944,0.0006132463519532404,6.0849458439819865e-05
italy,0,0,0,0,0,0,0,0,0,0,0,0,0,0,0,0,0,0,0,0,0,0,0,0,0,0,0,0,0,0,0,0,0,0,0,0,0,0,0,0,0,0,0,0,0,0,0,0,0,0,0,0,0,0,0,0,0,0,0,0,0,0,0,0,0,0,0,0,0,0,0,0,0,0,0,0,0,0,0,0,0,0,0,0,0,0,0,0,0,0,0,0,0,0,0,0,0,0,0,0,0,0,0,0,0,0,0,0,0,0,0,0,0,0,0,0,0,0,0,0,0,0,0,0,0,0,0,0,0,0,0,0,0,0,0,0,0,0,0.0003008423586040914,0,0,0.00042553191489361707,0,0.0002920560747663551,0.0003369272237196765,0,0.0002285521694024467,0.000352192683481027,0.0009042414780119697,0.00039638812366085094,0.00016358946324525236,0.0003684055408193339,0.0003038576454029981,0.00014658457930225743,8.016674683341352e-05,0.00023221868365180465,7.999999999999999e-05,0.00013919147906076013,0.00028156587661205996,0.00027030679821597514,0.00014637002341920375,0.0004289958910420957,0.000299007295778017,0.00016460202887241517,0.00010626992561105207,7.311010381634744e-05,0.0001308679500168862,0.00031695251636600606,0.00015090057462938816,0.00015670378805290316,0.00017941817249775727,0.0006252866855665563,0.00042875618533513263,0.0004691416796603699,0.0004226685635980988,0.0003045882157032615,0,0.00022148987666229043,0.0002470731882496588,0.00024231489441548835,6.9993700566949e-05,7.284382284382284e-05,7.517412782670062e-05,8.903133903133906e-05,0.0004071342252019872,0.00030281211929927756,0.0002876532076816346,0.00017375854696428857,0.00026142970678044085,0.00017418186031324716,6.051803437424352e-05,0.000336944431265119,0.0001307696620707218,0.0001936334460924625,0.0001254648716915926,0.0002482317065650399,0.00014171524740467492,0.00022498599844835267,0.00016063914477425226,0
jamaica,0,0,0,0,0,0,0,0,0,0,0,0,0,0,0,0,0,0,0,0,0,0,0,0,0,0,0,0,0,0,0,0,0,0,0,0,0,0,0,0,0,0,0,0,0,0,0,0,0,0,0,0,0,0,0,0,0,0,0,0,0,0,0,0,0,0,0,0,0,0,0,0,0,0,0,0,0,0,0,0,0,0,0,0,0,0,0,0,0,0,0,0,0,0,0,0,0,0,0,0,0,0,0,0,0,0,0,0,0,0,0,0,0,0,0,0,0,0,0,0,0.0024390243902439024,0,0,0,0,0,0,0,0,0,0,0,0,0,0,0,0,0,0,0,0,0,0,0,0,0,0,0,0.00023711751328396978,0,5.9672992003819076e-05,6.801333061280012e-05,6.889564336372849e-05,0,0,9.099181073703366e-05,2.962962962962964e-05,3.63108206245461e-05,5.518763796909491e-05,0,0,7.85792865000786e-05,0,4.665049449524166e-05,0,0,0,0,0,0,0,0,4.048582995951416e-05,0.00011631089217296114,5.2010193998023604e-05,0,0.00012423207381579262,0.0003168414680146081,2.9048656499636897e-05,2.4799127070727097e-05,0.00018040096807523992,0.00010319541569541569,7.99214106128973e-05,3.391670058336726e-05,0.00013958558419509184,4.602780079167818e-05,2.836718484057643e-05,3.797372218424849e-05,3.3985861881457324e-05,0,0,3.1011598337778336e-05,6.460616084349805e-05,5.223515145861996e-05,6.489789398013792e-05,4.482696790389099e-05,3.744447887614917e-05,2.524869969196586e-05,0,0
japan,0,0,0,0,0,0,0,0,0,0,0,0,0,0,0,0,0,0,0,0,0,0,0,0,0,0,0,0,0,0,0,0,0,0,0,0,0,0,0,0,0,0,0,0,0,0,0,0,0,0,0,0,0,0,0,0,0,0,0,0,0,0,0,0,0,0,0,0,0,0,0,0,0,0,0,0,0,0,0,0,0,0,0,0,0,0,0,0,0,0,0,0,0,0,0,0,0,0,0,0,0,0,0,0,0,0,0,0,0,0,0,0,0,0,0,0,0,0,0,0,0,0,0,0,0,0,0,0,0,0,0.00026652452025586353,0,0,0,0,0,0,0.00026982663638612194,0,0,0,0,0,0,0,0,0.00014761758061203534,0.00023229298536047002,0,0.0002727272727272727,0.00011595547309833023,0.00034384517143137833,0.0003140830800405268,6.282196255811033e-05,0.00021317066771612227,0.00018985791278784914,0,0,0,0.0001201363547626556,0,9.167583425009166e-05,0,0.00010729613733905579,4.620431548306611e-05,6.0208320789933154e-05,0,0,0,0,0.00035304468695472157,0.00019435474225571107,0,9.852216748768472e-05,5.894488653109344e-05,0.0001616121637889807,0.0001909438079650846,0.00027937420178799494,0.0001983891199577474,0.00040875922571034274,0,0,3.528581510232887e-05,0,6.20347394540943e-05,5.917860101787193e-05,0.00018789527432560752,0.0001608298821921113,0,0,0,0,8.330794424556323e-05,0.00017798594847775177,0.00019318811419240077,0.00010712326888797478,6.1008676789587856e-05,0.00010590276793258517,6.701759516498512e-05,9.664325752206688e-05
kenya,0,0,0,0,0,0,0,0,0,0,0,0,0,0,0,0,0,0,0,0,0,0,0,0,0,0,0,0,0,0,0,0,0,0,0,0,0,0,0,0,0,0,0,0,0,0,0,0,0,0,0,0,0,0,0,0,0,0,0,0,0,0,0,0,0,0,0,0,0,0,0,0,0,0,0,0,0,0,0,0,0,0,0,0,0,0,0,0,0,0,0,0,0,0,0,0,0,0,0,0,0,0,0,0,0,0,0,0,0,0,0,0,0,0,0,0,0,0,0,0,0,0,0,0,0,0,0,0,0,0,0,0,0,0,0,0,0,0,0,0,0,0,0,0,0,0,0,6.81663258350375e-05,0,0,6.318316800404371e-05,0,0,0,0,0,0,0,0,0,9.75800156128025e-05,0,0,0,0.00015912074423045234,7.873395795606645e-05,8.583811775301138e-05,3.910068426197457e-05,6.277463904582547e-05,0,0,8.831360996044216e-05,0.00010121457489878542,0,4.2103490379352454e-05,0.00012800448761243882,9.62741888899586e-05,0.00014003234410574602,7.407407407407407e-05,4.4377385284459026e-05,0.00013887937660282017,0,0.0001982902418682235,0.00021687642590813297,0.00013864416734435712,9.071713080934653e-05,0.00010162520091034784,2.9535117254415508e-05,7.34094616639478e-05,0.00012323442980377287,6.164825233369459e-05,5.943889681407512e-05,9.374735669330777e-05,8.401977340717634e-05,9.015445328978703e-05,0.00016417074933271382,0.00016978907564119299,0.00018525522237081095,4.817394136525445e-05,0
london,0,0,0,0,0,0,0,0,0,0,0,0,0,0,0,0,0,0,0,0,0,0,0,0,0,0,0,0,0,0,0,0,0,0,0,0,0,0,0,0,0,0,0,0,0,0,0,0,0,0,0,0,0,0,0,0,0,0,0,0.009837962962962962,0,0,0,0,0,0,0,0,0,0,0,0,0,0,0,0,0,0,0,0,0,0,0,0,0,0,0,0,0,0.001984126984126985,0,0,0.0010288065843621396,0,0,0,0,0,0,0,0,0,0,0,0,0,0,0,0,0,0,0,0,0,0,0,0,0,0,0,0,0,0,0,0,0,0,0,0,0,0,0,0,0,0,0,0,0,0,0,0,0,0,0,0,0,0,0,0,0,0.00021662800458529277,0.0001263104711380574,0.00020668693009118542,7.119822423252501e-05,4.810004810004809e-05,8.404104741684358e-05,0.0002006522717049033,4.8256210416063486e-05,0,0.00016457436930854602,0.00013010668748373666,0.00011001100110011002,0,5.109339873288373e-05,0,4.874006921089829e-05,0,0.00015748886716628654,0,0,0,0,0.00020145123119951494,0.00015037593984962408,0.0001574469515565281,0,9.928275729276982e-05,5.108556832694765e-05,0.00014973262032085563,0,0,0.0001093924191750279,9.420052424639583e-05,0,5.760368663594471e-05,8.963308575221541e-05,0,7.309941520467836e-05,0.00012688055102410732,0.0002781376504004241,7.572844943087158e-05,3.242121644404099e-05,8.330794424556327e-05,8.31523954906181e-05,7.40675939696148e-05,7.284382284382284e-05,1.936783390145647e-05,6.179751672858778e-05,0,0
mexico,0,0,0,0,0,0,0,0,0,0,0,0,0,0,0,0,0,0,0,0,0,0,0,0,0,0,0,0,0,0,0,0,0,0,0,0,0,0,0,0,0,0,0,0,0,0,0,0,0,0,0,0,0,0,0,0,0,0,0,0,0,0,0,0,0,0,0,0,0,0,0,0,0,0,0,0,0,0,0,0,0,0,0,0,0,0,0,0,0,0,0,0,0,0,0,0,0,0,0,0,0,0,0,0,0,0,0,0,0,0,0,0,0,0,0,0,0,0,0,0,0,0,0,0,0,0,0,0,0,0,0,0,0,0,0,0,0,0,0.0001805054151624549,0,0,0.00042553191489361707,0,0,0,0,4.401021036880555e-05,6.81663258350375e-05,0.00012088343814476892,0.0001443001443001443,0,5.894488653109344e-05,0,0.0003770481123163621,0,0.00022437753329473075,0,0.00014524328249818446,0.00020695364238410596,9.865475389433317e-05,0,0,0,0,0,0,0,0,0,0,0.00015657048020166278,7.688759034291866e-05,0,0.00010851716998643537,0.0001151654295670523,8.37149176089462e-05,5.114566284779051e-05,2.9472443265546716e-05,0.00022493794481739568,4.015096763832008e-05,0,0.00010428168322905166,0.0001987639843748004,0,8.064516129032258e-05,0,3.6103689797097266e-05,4.197095609837991e-05,3.1371564813652915e-05,0.00015917780516320663,0.00011386544450750528,0.00018203355915635968,0.00021606398505819634,0.00029316535211046976,0.00024901312555403453,0.00015248149717846687,8.896971278521686e-05,0.0001423507971173101,0.0003614888466474955,0.00012348860683375213
great britain,0,0,0,0,0,0,0,0,0,0,0,0,0,0,0,0,0,0,0,0,0,0,0,0,0,0,0,0,0,0,0,0,0,0,0,0,0,0,0,0,0,0,0,0,0,0,0,0,0,0,0,0,0,0,0,0,0,0,0,0,0,0,0,0,0,0,0,0,0,0,0,0,0,0,0,0,0,0,0,0,0,0,0,0,0,0,0,0,0,0,0,0,0,0,0,0,0,0,0,0,0,0,0,0,0,0,0,0,0,0,0,0,0,0,0,0,0,0,0,0,0,0,0,0,0,0,0,0,0,0,0,0,0,0,0,0,0,0,0,0,0,0,0,0,0,0,0.0003077029660354886,3.587701359738815e-05,0.000833106224026779,0.00029778302505575237,0.0001255886970172685,0.0003031451307313377,0.00025224469831953327,0.00010260920551158019,0.00014512945547428307,0.00027692575216781016,6.772486772486774e-05,0.00011050333148671401,0.00020481568129600855,0.00012670631166373833,0,8.462384700008463e-05,0.00019798554513301552,0.00031401151304584783,0.0003661222763159639,0.0004870314491604154,8.443093549476527e-05,0.00013395604793454258,0.0001612253507882411,6.421782686873875e-05,7.20876585928489e-05,0,0.00016869095816464237,0.0003878688361446982,0.0001171340693887113,0,4.5462811420258234e-05,0.0002575564069816943,9.80392156862745e-05,0,0,0.0005017264375553145,0.00043151865972966894,0.000574881093477421,0.0006472234485124793,0.00042967016978267137,0.0004475606972858956,0.00023985795462936848,0.0003432429252288191,0.0004607088744092467,0.00041255383897740146,0.00028024085976458305,0.00016269005957862687,9.145681276828819e-05,0.00010454354132129057,0.00014382182145340037,0.00011659436008676791,0.00026875615278722844,0.0002559172872182541,4.212654815064454e-05
